{"cameraMode":{"drawMode":0,"name":"Shaded","section":"Shading Mode"},"sceneLighting":true,"audioPlay":false,"sceneViewState":{"showFog":true,"showMaterialUpdate":false,"showSkybox":true,"showFlares":true,"showImageEffects":true,"showParticleSystems":true},"in2DMode":false,"pivot":{"x":372.61163330078127,"y":3.083901882171631,"z":304.8616638183594},"rotation":{"x":-0.36508676409721377,"y":-0.5195602774620056,"z":0.26086515188217165,"w":-0.7271531820297241},"size":0.137099027633667,"orthographic":false}