{"cameraMode":{"drawMode":0,"name":"Shaded","section":"Shading Mode"},"sceneLighting":false,"audioPlay":false,"sceneViewState":{"showFog":true,"showMaterialUpdate":false,"showSkybox":false,"showFlares":true,"showImageEffects":true,"showParticleSystems":true},"in2DMode":false,"pivot":{"x":0.000004477083166420925,"y":0.000008697341399965808,"z":-0.0000017004640540108085},"rotation":{"x":-0.09034408628940582,"y":0.2160245180130005,"z":0.9720202088356018,"w":0.02018967643380165},"size":0.000017320508050033823,"orthographic":false}