{"cameraMode":{"drawMode":0,"name":"Shaded","section":"Shading Mode"},"sceneLighting":false,"audioPlay":false,"sceneViewState":{"showFog":true,"showMaterialUpdate":false,"showSkybox":false,"showFlares":true,"showImageEffects":true,"showParticleSystems":true},"in2DMode":false,"pivot":{"x":-6.93471622467041,"y":-0.039999961853027347,"z":-21.766639709472658},"rotation":{"x":0.017497176304459573,"y":0.7119574546813965,"z":-0.01771535538136959,"w":0.7017919421195984},"size":5.985286235809326,"orthographic":false}