{"cameraMode":{"drawMode":0,"name":"Shaded","section":"Shading Mode"},"sceneLighting":false,"audioPlay":false,"sceneViewState":{"showFog":true,"showMaterialUpdate":false,"showSkybox":false,"showFlares":true,"showImageEffects":true,"showParticleSystems":true},"in2DMode":false,"pivot":{"x":6.999889850616455,"y":2.4059150218963625,"z":18.746612548828126},"rotation":{"x":-0.1249079778790474,"y":-0.0865195021033287,"z":0.988361656665802,"w":-0.010819588787853718},"size":2.4979703426361086,"orthographic":false}