{"cameraMode":{"drawMode":0,"name":"Shaded","section":"Shading Mode"},"sceneLighting":true,"audioPlay":false,"sceneViewState":{"showFog":true,"showMaterialUpdate":false,"showSkybox":true,"showFlares":true,"showImageEffects":true,"showParticleSystems":true},"in2DMode":false,"pivot":{"x":370.0054016113281,"y":3.6756110191345217,"z":301.31744384765627},"rotation":{"x":-0.03940539062023163,"y":-0.2581123411655426,"z":0.01057466585189104,"w":-0.9653165340423584},"size":1.2339621782302857,"orthographic":false}