{"cameraMode":{"drawMode":0,"name":"Shaded","section":"Shading Mode"},"sceneLighting":false,"audioPlay":false,"sceneViewState":{"showFog":true,"showMaterialUpdate":false,"showSkybox":false,"showFlares":true,"showImageEffects":true,"showParticleSystems":true},"in2DMode":false,"pivot":{"x":-17.860660552978517,"y":3.0922889709472658,"z":-4.821389198303223},"rotation":{"x":0.003069590777158737,"y":-0.9908875823020935,"z":-0.02380640059709549,"w":-0.13277722895145417},"size":0.000017320508050033823,"orthographic":false}