{"cameraMode":{"drawMode":0,"name":"Shaded","section":"Shading Mode"},"sceneLighting":false,"audioPlay":false,"sceneViewState":{"showFog":true,"showMaterialUpdate":false,"showSkybox":false,"showFlares":true,"showImageEffects":true,"showParticleSystems":true},"in2DMode":false,"pivot":{"x":12.183099746704102,"y":2.250894784927368,"z":-59.07917785644531},"rotation":{"x":0.0031866272911429407,"y":-0.8966038227081299,"z":-0.0064453622326254848,"w":-0.44278061389923098},"size":5.969882488250732,"orthographic":false}