{"cameraMode":{"drawMode":0,"name":"Shaded","section":"Shading Mode"},"sceneLighting":false,"audioPlay":false,"sceneViewState":{"showFog":true,"showMaterialUpdate":false,"showSkybox":false,"showFlares":true,"showImageEffects":true,"showParticleSystems":true},"in2DMode":false,"pivot":{"x":6.249979019165039,"y":0.000029803821234963834,"z":-53.75000762939453},"rotation":{"x":-0.04188235104084015,"y":0.3477075397968292,"z":0.015549179166555405,"w":0.9365389943122864},"size":5.178037643432617,"orthographic":false}