{"cameraMode":{"drawMode":0,"name":"Shaded","section":"Shading Mode"},"sceneLighting":false,"audioPlay":false,"sceneViewState":{"showFog":true,"showMaterialUpdate":false,"showSkybox":false,"showFlares":true,"showImageEffects":true,"showParticleSystems":true},"in2DMode":false,"pivot":{"x":-2.2613019943237306,"y":5.300804615020752,"z":5.090649604797363},"rotation":{"x":-0.23533117771148683,"y":0.5749539136886597,"z":0.177328959107399,"w":0.7633048892021179},"size":6.2887797355651859,"orthographic":false}