{"cameraMode":{"drawMode":0,"name":"Shaded","section":"Shading Mode"},"sceneLighting":false,"audioPlay":false,"sceneViewState":{"showFog":true,"showMaterialUpdate":false,"showSkybox":false,"showFlares":true,"showImageEffects":true,"showParticleSystems":true},"in2DMode":false,"pivot":{"x":17.638904571533204,"y":2.2524852752685549,"z":-6.1508708000183109},"rotation":{"x":-0.04410634562373161,"y":0.25110334157943728,"z":0.011509548872709275,"w":0.966903030872345},"size":8.679122924804688,"orthographic":false}