{"cameraMode":{"drawMode":0,"name":"Shaded","section":"Shading Mode"},"sceneLighting":false,"audioPlay":false,"sceneViewState":{"showFog":true,"showMaterialUpdate":false,"showSkybox":false,"showFlares":true,"showImageEffects":true,"showParticleSystems":true},"in2DMode":false,"pivot":{"x":6.08241081237793,"y":3.5530240535736086,"z":74.48703002929688},"rotation":{"x":-0.031733546406030658,"y":0.42576706409454348,"z":0.014979948289692402,"w":0.9041745066642761},"size":12.578795433044434,"orthographic":false}