{"cameraMode":{"drawMode":0,"name":"Shaded","section":"Shading Mode"},"sceneLighting":false,"audioPlay":false,"sceneViewState":{"showFog":true,"showMaterialUpdate":false,"showSkybox":false,"showFlares":true,"showImageEffects":true,"showParticleSystems":true},"in2DMode":false,"pivot":{"x":-0.6990537643432617,"y":7.8759918212890629,"z":9.726785659790039},"rotation":{"x":-0.04410634562373161,"y":0.25110334157943728,"z":0.011509548872709275,"w":0.966903030872345},"size":10.24276351928711,"orthographic":false}