{"cameraMode":{"drawMode":0,"name":"Shaded","section":"Shading Mode"},"sceneLighting":false,"audioPlay":false,"sceneViewState":{"showFog":true,"showMaterialUpdate":false,"showSkybox":false,"showFlares":true,"showImageEffects":true,"showParticleSystems":true},"in2DMode":false,"pivot":{"x":-0.000035463883250486106,"y":0.000018852984794648364,"z":0.00003059575101360679},"rotation":{"x":-0.25570210814476015,"y":-0.013940420933067799,"z":-0.0036545987240970136,"w":0.9666576385498047},"size":0.000017320508050033823,"orthographic":false}