{"cameraMode":{"drawMode":0,"name":"Shaded","section":"Shading Mode"},"sceneLighting":false,"audioPlay":false,"sceneViewState":{"showFog":true,"showMaterialUpdate":false,"showSkybox":false,"showFlares":true,"showImageEffects":true,"showParticleSystems":true},"in2DMode":false,"pivot":{"x":-24.74445343017578,"y":2.2498779296875,"z":-8.85413932800293},"rotation":{"x":0.060172535479068759,"y":-0.5352444052696228,"z":0.03832608461380005,"w":0.8416939377784729},"size":0.000017320508050033823,"orthographic":false}