{"cameraMode":{"drawMode":0,"name":"Shaded","section":"Shading Mode"},"sceneLighting":false,"audioPlay":false,"sceneViewState":{"showFog":true,"showMaterialUpdate":false,"showSkybox":false,"showFlares":true,"showImageEffects":true,"showParticleSystems":true},"in2DMode":false,"pivot":{"x":-21.69628143310547,"y":-3.5533928871154787,"z":56.89573669433594},"rotation":{"x":0.05786266550421715,"y":0.017061863094568254,"z":-0.0009376402595080435,"w":0.9981936812400818},"size":24.895780563354493,"orthographic":false}