{"cameraMode":{"drawMode":0,"name":"Shaded","section":"Shading Mode"},"sceneLighting":false,"audioPlay":false,"sceneViewState":{"showFog":true,"showMaterialUpdate":false,"showSkybox":false,"showFlares":true,"showImageEffects":true,"showParticleSystems":true},"in2DMode":false,"pivot":{"x":-1.0126581192016602,"y":-6.655229568481445,"z":67.61302185058594},"rotation":{"x":-0.15153363347053529,"y":0.08556920289993286,"z":0.9846770167350769,"w":0.013270607218146325},"size":15.430246353149414,"orthographic":false}